{"total_users": 262, "unique_users": ["2122043816", "918013873", "6489552088", "1603653415", "1258969138", "6176276853", "1602353415", "1601383218", "879889427", "1358134073", "1004154587", "1454974701"], "start_time": 1740118166.6707344, "downtime_periods": [{"start": 1740130607.8349657, "end": 1740130699.7213156}], "commands_used": {"start": 65, "event_details": 65, "contact_team": 64, "results": 7, "bot_status": 25}}