{"total_users": 73, "unique_users": ["1603653415", "1602353415", "1258969138"], "start_time": 1740118166.6707344, "downtime_periods": [{"start": 1740130607.8349657, "end": 1740130699.7213156}], "commands_used": {"start": 11, "event_details": 12, "contact_team": 6, "results": 0, "bot_status": 8}}