{"total_users": 221, "unique_users": ["6176276853", "1603653415", "918013873", "1602353415", "879889427", "6489552088", "1258969138", "1454974701", "1601383218", "2122043816"], "start_time": 1740118166.6707344, "downtime_periods": [{"start": 1740130607.8349657, "end": 1740130699.7213156}], "commands_used": {"start": 55, "event_details": 51, "contact_team": 56, "results": 6, "bot_status": 17}}