{"total_users": 282, "unique_users": ["6176276853", "2122043816", "1603653415", "1601383218", "1258969138", "1004154587", "5449382454", "918013873", "879889427", "6489552088", "1454974701", "1602353415", "1358134073"], "start_time": 1740118166.6707344, "downtime_periods": [{"start": 1740130607.8349657, "end": 1740130699.7213156}], "commands_used": {"start": 74, "event_details": 69, "contact_team": 64, "results": 14, "bot_status": 25}}