{"total_users": 116, "unique_users": ["1601383218", "1603653415", "918013873", "6489552088", "6176276853", "1258969138", "1602353415", "1454974701", "879889427"], "start_time": 1740118166.6707344, "downtime_periods": [{"start": 1740130607.8349657, "end": 1740130699.7213156}], "commands_used": {"start": 32, "event_details": 26, "contact_team": 8, "results": 2, "bot_status": 12}}