{"total_users": 109, "unique_users": ["918013873", "1258969138", "1454974701", "1603653415", "879889427", "6489552088", "1601383218", "1602353415"], "start_time": 1740118166.6707344, "downtime_periods": [{"start": 1740130607.8349657, "end": 1740130699.7213156}], "commands_used": {"start": 29, "event_details": 24, "contact_team": 7, "results": 1, "bot_status": 12}}